Time,Anomaly (deg C)
1850-01,-0.67456436
1850-02,-0.333416
1850-03,-0.59132266
1850-04,-0.58872116
1850-05,-0.5081851
1850-06,-0.34424013
1850-07,-0.15979019
1850-08,-0.2076543
1850-09,-0.3847069
1850-10,-0.53312653
1850-11,-0.2825075
1850-12,-0.40367043
1851-01,-0.20073938
1851-02,-0.46933234
1851-03,-0.6460531
1851-04,-0.5421326
1851-05,-0.19762275
1851-06,-0.13670355
1851-07,-0.0968156
1851-08,-0.10175375
1851-09,-0.091244884
1851-10,-0.00836263
1851-11,-0.08189084
1851-12,-0.22754622
1852-01,-0.37509567
1852-02,-0.47672674
1852-03,-0.5597683
1852-04,-0.5853704
1852-05,-0.12741269
1852-06,-0.083659135
1852-07,0.005029385
1852-08,-0.13558698
1852-09,-0.00190167
1852-10,-0.172434
1852-11,-0.3052479
1852-12,0.065385304
1853-01,-0.23259853
1853-02,-0.40372267
1853-03,-0.28042167
1853-04,-0.38631994
1853-05,-0.2678886
1853-06,-0.1423762
1853-07,-0.08344058
1853-08,-0.056647103
1853-09,-0.2502504
1853-10,-0.391768
1853-11,-0.41142052
1853-12,-0.33739907
1854-01,-0.3813734
1854-02,-0.36109406
1854-03,-0.24269956
1854-04,-0.3338324
1854-05,-0.29079238
1854-06,-0.29902688
1854-07,-0.17864197
1854-08,-0.23944739
1854-09,-0.21674344
1854-10,-0.09526511
1854-11,-0.41029203
1854-12,-0.4503518
1855-01,-0.15919624
1855-02,-0.31344938
1855-03,-0.34401497
1855-04,-0.21820337
1855-05,-0.3877071
1855-06,-0.3329626
1855-07,-0.3329893
1855-08,-0.19952463
1855-09,-0.27071294
1855-10,-0.19544719
1855-11,-0.38930947
1855-12,-0.41989732
1856-01,-0.075628236
1856-02,-0.33713824
1856-03,-0.35769272
1856-04,-0.3159384
1856-05,-0.28508008
1856-06,-0.21416615
1856-07,-0.22469248
1856-08,-0.23770598
1856-09,-0.38821492
1856-10,-0.4381357
1856-11,-0.55232793
1856-12,-0.4175237
1857-01,-0.49476224
1857-02,-0.43487996
1857-03,-0.47860673
1857-04,-0.6443354
1857-05,-0.65871185
1857-06,-0.30414528
1857-07,-0.4113695
1857-08,-0.36897412
1857-09,-0.37968943
1857-10,-0.47263545
1857-11,-0.6851335
1857-12,-0.27351704
1858-01,-0.29548538
1858-02,-0.47690183
1858-03,-0.5476575
1858-04,-0.42799428
1858-05,-0.5320951
1858-06,-0.37952122
1858-07,-0.3355508
1858-08,-0.27754986
1858-09,-0.28318587
1858-10,-0.2887329
1858-11,-0.36552474
1858-12,-0.4549887
1859-01,-0.38148466
1859-02,-0.34352297
1859-03,-0.31371728
1859-04,-0.15715948
1859-05,-0.15164812
1859-06,-0.24957645
1859-07,-0.31209
1859-08,-0.24464844
1859-09,-0.393858
1859-10,-0.25472045
1859-11,-0.2875482
1859-12,-0.28437135
1860-01,-0.39058298
1860-02,-0.4682912
1860-03,-0.7864609
1860-04,-0.30610728
1860-05,-0.36362675
1860-06,-0.21145956
1860-07,-0.1847646
1860-08,-0.1142386
1860-09,-0.13131975
1860-10,-0.3459595
1860-11,-0.60494
1860-12,-0.774231
1861-01,-0.91803956
1861-02,-0.6245886
1861-03,-0.41567025
1861-04,-0.38623625
1861-05,-0.6607519
1861-06,-0.25202128
1861-07,-0.29750192
1861-08,-0.041093126
1861-09,-0.27033228
1861-10,-0.47664645
1861-11,-0.45758948
1861-12,-0.35085425
1862-01,-0.82483715
1862-02,-0.7155356
1862-03,-0.5353963
1862-04,-0.52208453
1862-05,-0.3478659
1862-06,-0.3066114
1862-07,-0.3448706
1862-08,-0.4561808
1862-09,-0.3624242
1862-10,-0.44867027
1862-11,-0.6777555
1862-12,-0.8945406
1863-01,-0.07634223
1863-02,-0.24953309
1863-03,-0.3549987
1863-04,-0.28827205
1863-05,-0.3840041
1863-06,-0.36912903
1863-07,-0.3123347
1863-08,-0.29738235
1863-09,-0.35204113
1863-10,-0.5043272
1863-11,-0.44055805
1863-12,-0.50319576
1864-01,-0.8532364
1864-02,-0.5934415
1864-03,-0.49939686
1864-04,-0.54358864
1864-05,-0.32347065
1864-06,-0.11254485
1864-07,-0.25960582
1864-08,-0.3079488
1864-09,-0.4425317
1864-10,-0.6029094
1864-11,-0.45623875
1864-12,-0.5903272
1865-01,-0.17609702
1865-02,-0.46668038
1865-03,-0.66122115
1865-04,-0.4481533
1865-05,-0.37767282
1865-06,-0.1958778
1865-07,-0.21560228
1865-08,-0.21177977
1865-09,-0.17093047
1865-10,-0.26942545
1865-11,-0.33705235
1865-12,-0.4605614
1866-01,-0.1320992
1866-02,-0.40108874
1866-03,-0.6821522
1866-04,-0.4543501
1866-05,-0.5719213
1866-06,-0.0985114
1866-07,-0.00851037
1866-08,-0.2494715
1866-09,-0.37775257
1866-10,-0.4206272
1866-11,-0.29829076
1866-12,-0.40035242
1867-01,-0.40518752
1867-02,-0.3535976
1867-03,-0.6812089
1867-04,-0.4213023
1867-05,-0.57436174
1867-06,-0.35023195
1867-07,-0.25301105
1867-08,-0.33047715
1867-09,-0.14789358
1867-10,-0.12525536
1867-11,-0.19566038
1867-12,-0.44537255
1868-01,-0.6848776
1868-02,-0.69327545
1868-03,-0.33465612
1868-04,-0.36299402
1868-05,-0.28559557
1868-06,-0.29764694
1868-07,-0.059621982
1868-08,-0.1932709
1868-09,-0.34477365
1868-10,-0.22966905
1868-11,-0.42318085
1868-12,-0.31396636
1869-01,-0.33569098
1869-02,0.13131645
1869-03,-0.6257712
1869-04,-0.40569928
1869-05,-0.3099707
1869-06,-0.38451383
1869-07,-0.41707024
1869-08,-0.16793925
1869-09,-0.17162752
1869-10,-0.2934824
1869-11,-0.2818132
1869-12,-0.5365831
1870-01,-0.21106681
1870-02,-0.4544139
1870-03,-0.4983347
1870-04,-0.33294073
1870-05,-0.2977442
1870-06,-0.23123583
1870-07,-0.073357955
1870-08,-0.2582274
1870-09,-0.2023172
1870-10,-0.44285795
1870-11,-0.2658218
1870-12,-0.6663718
1871-01,-0.55831134
1871-02,-0.6715548
1871-03,-0.17169894
1871-04,-0.22192766
1871-05,-0.3622017
1871-06,-0.2864155
1871-07,-0.082433164
1871-08,-0.32236677
1871-09,-0.36107233
1871-10,-0.37327537
1871-11,-0.5226968
1871-12,-0.48901418
1872-01,-0.59878874
1872-02,-0.61987036
1872-03,-0.523702
1872-04,-0.3854148
1872-05,-0.14151993
1872-06,-0.27950048
1872-07,-0.14631678
1872-08,0.008637112
1872-09,-0.17648244
1872-10,-0.2035192
1872-11,-0.32202852
1872-12,-0.5479975
1873-01,-0.26165044
1873-02,-0.28293252
1873-03,-0.4087238
1873-04,-0.4805553
1873-05,-0.3509207
1873-06,-0.32054913
1873-07,-0.17570111
1873-08,-0.22783396
1873-09,-0.40525547
1873-10,-0.3906487
1873-11,-0.46331128
1873-12,-0.3279057
1874-01,-0.19854628
1874-02,-0.43842116
1874-03,-0.6729315
1874-04,-0.4370358
1874-05,-0.33399135
1874-06,-0.56584716
1874-07,-0.16706698
1874-08,-0.2960711
1874-09,-0.16819394
1874-10,-0.47115755
1874-11,-0.41774487
1874-12,-0.31200656
1875-01,-0.5711182
1875-02,-0.4792721
1875-03,-0.56430274
1875-04,-0.35805592
1875-05,-0.2728362
1875-06,-0.27996176
1875-07,-0.18206008
1875-08,-0.24648568
1875-09,-0.23427878
1875-10,-0.23321441
1875-11,-0.50920546
1875-12,-0.57672006
1876-01,-0.51370406
1876-02,-0.33739862
1876-03,-0.36232424
1876-04,-0.42427677
1876-05,-0.59042513
1876-06,-0.35227904
1876-07,-0.21372749
1876-08,-0.32724735
1876-09,-0.41784137
1876-10,-0.29983562
1876-11,-0.60684675
1876-12,-0.64341265
1877-01,-0.41108242
1877-02,-0.20926146
1877-03,-0.091358565
1877-04,-0.3459171
1877-05,-0.41127652
1877-06,-0.13819988
1877-07,-0.016253214
1877-08,0.21073052
1877-09,0.10758122
1877-10,0.11331653
1877-11,0.03397783
1877-12,-0.05556291
1878-01,-0.06979711
1878-02,0.22940955
1878-03,0.36132926
1878-04,0.18853739
1878-05,-0.122401394
1878-06,0.010291125
1878-07,-0.0772364
1878-08,-0.04655335
1878-09,0.020835022
1878-10,-0.1650159
1878-11,-0.14255811
1878-12,-0.3226224
1879-01,-0.23778471
1879-02,-0.26602048
1879-03,-0.2583884
1879-04,-0.38240048
1879-05,-0.34387106
1879-06,-0.28325993
1879-07,-0.2641225
1879-08,-0.26534295
1879-09,-0.23556925
1879-10,-0.15905875
1879-11,-0.397338
1879-12,-0.55045533
1880-01,-0.39386344
1880-02,-0.4498938
1880-03,-0.19438674
1880-04,-0.33803284
1880-05,-0.3253502
1880-06,-0.38053036
1880-07,-0.3148068
1880-08,-0.10718303
1880-09,-0.29703382
1880-10,-0.39094922
1880-11,-0.28068957
1880-12,-0.3172651
1881-01,-0.21463032
1881-02,-0.22458804
1881-03,-0.24820606
1881-04,-0.06252021
1881-05,-0.12189843
1881-06,-0.39908272
1881-07,-0.19404487
1881-08,-0.13816847
1881-09,-0.3007603
1881-10,-0.2305081
1881-11,-0.38121367
1881-12,-0.27132502
1882-01,-0.025385773
1882-02,-0.11726177
1882-03,-0.17708035
1882-04,-0.31474164
1882-05,-0.32572997
1882-06,-0.39225483
1882-07,-0.34102684
1882-08,-0.24510053
1882-09,-0.15044588
1882-10,-0.3990836
1882-11,-0.40350994
1882-12,-0.65474
1883-01,-0.47277278
1883-02,-0.4854322
1883-03,-0.26636964
1883-04,-0.43903488
1883-05,-0.3400283
1883-06,-0.1901544
1883-07,-0.21858145
1883-08,-0.28788334
1883-09,-0.3062682
1883-10,-0.3400996
1883-11,-0.39625064
1883-12,-0.41481745
1884-01,-0.44355372
1884-02,-0.33285657
1884-03,-0.50546813
1884-04,-0.5089616
1884-05,-0.56562126
1884-06,-0.5137893
1884-07,-0.5658637
1884-08,-0.429122
1884-09,-0.5043303
1884-10,-0.463346
1884-11,-0.5852065
1884-12,-0.4897219
1885-01,-0.65614164
1885-02,-0.5527572
1885-03,-0.42101642
1885-04,-0.63497037
1885-05,-0.60631216
1885-06,-0.63664883
1885-07,-0.42047033
1885-08,-0.4050678
1885-09,-0.35673314
1885-10,-0.36150765
1885-11,-0.38425598
1885-12,-0.21760142
1886-01,-0.479745
1886-02,-0.47879001
1886-03,-0.48723003
1886-04,-0.3615867
1886-05,-0.29257125
1886-06,-0.5019767
1886-07,-0.3021988
1886-08,-0.45738658
1886-09,-0.39079213
1886-10,-0.41297862
1886-11,-0.49078947
1886-12,-0.39479798
1887-01,-0.74377
1887-02,-0.65888214
1887-03,-0.44538546
1887-04,-0.48280382
1887-05,-0.52945954
1887-06,-0.52584267
1887-07,-0.38890877
1887-08,-0.44554248
1887-09,-0.3885525
1887-10,-0.4446146
1887-11,-0.43516165
1887-12,-0.49650568
1888-01,-0.6184704
1888-02,-0.58728784
1888-03,-0.59725916
1888-04,-0.35193178
1888-05,-0.41130793
1888-06,-0.3217171
1888-07,-0.3386262
1888-08,-0.31051376
1888-09,-0.32469457
1888-10,-0.16644995
1888-11,-0.26496226
1888-12,-0.2593257
1889-01,-0.2966627
1889-02,-0.006579389
1889-03,-0.08734918
1889-04,-0.08679018
1889-05,-0.15811297
1889-06,-0.21282648
1889-07,-0.28090227
1889-08,-0.30713442
1889-09,-0.34166074
1889-10,-0.37001047
1889-11,-0.5064449
1889-12,-0.34427297
1890-01,-0.53390056
1890-02,-0.46501267
1890-03,-0.6111193
1890-04,-0.49407724
1890-05,-0.53646934
1890-06,-0.49480304
1890-07,-0.48914096
1890-08,-0.46699485
1890-09,-0.482208
1890-10,-0.4391856
1890-11,-0.67008716
1890-12,-0.3992993
1891-01,-0.580199
1891-02,-0.59757084
1891-03,-0.36251077
1891-04,-0.4480748
1891-05,-0.34619382
1891-06,-0.375095
1891-07,-0.39966992
1891-08,-0.3548557
1891-09,-0.25669602
1891-10,-0.3429681
1891-11,-0.5339126
1891-12,-0.21803272
1892-01,-0.4647994
1892-02,-0.2896702
1892-03,-0.532998
1892-04,-0.5456076
1892-05,-0.4568904
1892-06,-0.43644238
1892-07,-0.5867592
1892-08,-0.508325
1892-09,-0.3824375
1892-10,-0.43382177
1892-11,-0.66069424
1892-12,-0.7922568
1893-01,-1.0448953
1893-02,-0.84499276
1893-03,-0.42680097
1893-04,-0.5148424
1893-05,-0.5721378
1893-06,-0.44231105
1893-07,-0.24375539
1893-08,-0.2869543
1893-09,-0.36513734
1893-10,-0.30426577
1893-11,-0.404811
1893-12,-0.4845268
1894-01,-0.6276136
1894-02,-0.42949706
1894-03,-0.51159126
1894-04,-0.53747475
1894-05,-0.5191684
1894-06,-0.583648
1894-07,-0.39212567
1894-08,-0.35357937
1894-09,-0.4396966
1894-10,-0.3990114
1894-11,-0.460066
1894-12,-0.551695
1895-01,-0.6359875
1895-02,-0.6417986
1895-03,-0.6178789
1895-04,-0.46109405
1895-05,-0.48253113
1895-06,-0.4253601
1895-07,-0.3349007
1895-08,-0.37724775
1895-09,-0.39428148
1895-10,-0.3257419
1895-11,-0.3213687
1895-12,-0.36682844
1896-01,-0.3152051
1896-02,-0.33662146
1896-03,-0.58836246
1896-04,-0.5460314
1896-05,-0.35611972
1896-06,-0.23009133
1896-07,-0.18243536
1896-08,-0.1715636
1896-09,-0.15527536
1896-10,-0.117941946
1896-11,-0.31405124
1896-12,-0.094388485
1897-01,-0.3000984
1897-02,-0.3486073
1897-03,-0.41547
1897-04,-0.1176401
1897-05,-0.11408224
1897-06,-0.1627357
1897-07,-0.18704693
1897-08,-0.1854231
1897-09,-0.18626954
1897-10,-0.21232262
1897-11,-0.4227442
1897-12,-0.46516183
1898-01,-0.19924784
1898-02,-0.55612665
1898-03,-0.8427487
1898-04,-0.663013
1898-05,-0.55958927
1898-06,-0.33471388
1898-07,-0.39475092
1898-08,-0.3894281
1898-09,-0.37076962
1898-10,-0.5009573
1898-11,-0.5286319
1898-12,-0.4895283
1899-01,-0.3598041
1899-02,-0.5540309
1899-03,-0.5889544
1899-04,-0.4393416
1899-05,-0.35891113
1899-06,-0.5010004
1899-07,-0.36553654
1899-08,-0.23979759
1899-09,-0.1515833
1899-10,-0.18313703
1899-11,-0.056940768
1899-12,-0.466166
Jan-00,-0.5065199
Feb-00,-0.2028605
Mar-00,-0.19967249
Apr-00,-0.22413696
May-00,-0.30258486
Jun-00,-0.21710625
Jul-00,-0.19088483
Aug-00,-0.21078074
Sep-00,-0.19568677
Oct-00,-0.0647567
Nov-00,-0.26252335
Dec-00,-0.23623504
01-Jan,-0.28059345
01-Feb,-0.26819772
01-Mar,-0.20081724
01-Apr,-0.1753031
01-May,-0.24934465
01-Jun,-0.23662645
01-Jul,-0.3289457
01-Aug,-0.2050631
01-Sep,-0.35517338
01-Oct,-0.3407429
01-Nov,-0.39582872
01-Dec,-0.48450628
02-Jan,-0.43956748
02-Feb,-0.23221202
02-Mar,-0.47400042
02-Apr,-0.4305058
02-May,-0.43023685
02-Jun,-0.44518706
02-Jul,-0.38915876
02-Aug,-0.42510903
02-Sep,-0.37280047
02-Oct,-0.5005036
02-Nov,-0.56261593
02-Dec,-0.565914
03-Jan,-0.4344225
03-Feb,-0.24027054
03-Mar,-0.39843398
03-Apr,-0.58799607
03-May,-0.5160877
03-Jun,-0.5476815
03-Jul,-0.5052094
03-Aug,-0.60140806
03-Sep,-0.55975336
03-Oct,-0.66481555
03-Nov,-0.62978834
03-Dec,-0.71404976
04-Jan,-0.806605
04-Feb,-0.769914
04-Mar,-0.6964779
04-Apr,-0.6468306
04-May,-0.6093934
04-Jun,-0.5641545
04-Jul,-0.5530446
04-Aug,-0.4784086
04-Sep,-0.59661376
04-Oct,-0.55304295
04-Nov,-0.39660597
04-Dec,-0.49964583
05-Jan,-0.46341595
05-Feb,-0.72016865
05-Mar,-0.52405393
05-Apr,-0.5589943
05-May,-0.43423653
05-Jun,-0.34258264
05-Jul,-0.37310305
05-Aug,-0.30447677
05-Sep,-0.34519514
05-Oct,-0.3351493
05-Nov,-0.21728525
05-Dec,-0.27435452
06-Jan,-0.29668435
06-Feb,-0.3885811
06-Mar,-0.289529
06-Apr,-0.10402012
06-May,-0.3765242
06-Jun,-0.23253845
06-Jul,-0.34295923
06-Aug,-0.27118164
06-Sep,-0.35302594
06-Oct,-0.32229662
06-Nov,-0.53179437
06-Dec,-0.32053673
07-Jan,-0.52930236
07-Feb,-0.6185913
07-Mar,-0.43793064
07-Apr,-0.4779983
07-May,-0.6450355
07-Jun,-0.5440585
07-Jul,-0.42508972
07-Aug,-0.4910157
07-Sep,-0.3986793
07-Oct,-0.33594123
07-Nov,-0.55637306
07-Dec,-0.58987683
08-Jan,-0.46647665
08-Feb,-0.4139059
08-Mar,-0.7040725
08-Apr,-0.5884082
08-May,-0.45306396
08-Jun,-0.41279954
08-Jul,-0.40103948
08-Aug,-0.48125657
08-Sep,-0.3872215
08-Oct,-0.5747282
08-Nov,-0.6453218
08-Dec,-0.63815445
09-Jan,-0.7629406
09-Feb,-0.53553337
09-Mar,-0.6521415
09-Apr,-0.63281554
09-May,-0.5918205
09-Jun,-0.50006735
09-Jul,-0.5237631
09-Aug,-0.3369181
09-Sep,-0.4156719
09-Oct,-0.49451607
09-Nov,-0.38665202
09-Dec,-0.59633845
10-Jan,-0.4327842
10-Feb,-0.5290626
10-Mar,-0.6189373
10-Apr,-0.5349184
10-May,-0.5368389
10-Jun,-0.5593434
10-Jul,-0.43475804
10-Aug,-0.38878688
10-Sep,-0.4229382
10-Oct,-0.48481956
10-Nov,-0.672429
10-Dec,-0.7566741
11-Jan,-0.66804653
11-Feb,-0.70603365
11-Mar,-0.7639851
11-Apr,-0.64364564
11-May,-0.6272078
11-Jun,-0.55432284
11-Jul,-0.49260998
11-Aug,-0.5064451
11-Sep,-0.4982411
11-Oct,-0.34511527
11-Nov,-0.34931326
11-Dec,-0.315495
12-Jan,-0.32940087
12-Feb,-0.31491742
12-Mar,-0.5543457
12-Apr,-0.33788237
12-May,-0.3352509
12-Jun,-0.28508794
12-Jul,-0.50730854
12-Aug,-0.57247293
12-Sep,-0.6437677
12-Oct,-0.6791174
12-Nov,-0.55792326
12-Dec,-0.59060127
13-Jan,-0.5636491
13-Feb,-0.55008626
13-Mar,-0.60579985
13-Apr,-0.5340449
13-May,-0.54116863
13-Jun,-0.5514844
13-Jul,-0.47697932
13-Aug,-0.39560005
13-Sep,-0.41690665
13-Oct,-0.43836418
13-Nov,-0.36772293
13-Dec,-0.16402407
14-Jan,-0.078474745
14-Feb,-0.27010897
14-Mar,-0.39748344
14-Apr,-0.4089052
14-May,-0.30789974
14-Jun,-0.30798316
14-Jul,-0.2969515
14-Aug,-0.24459992
14-Sep,-0.30140656
14-Oct,-0.110274434
14-Nov,-0.19029672
14-Dec,-0.23672462
15-Jan,-0.28745866
15-Feb,-0.22042616
15-Mar,-0.19399805
15-Apr,-0.082622275
15-May,-0.16808057
15-Jun,-0.17210917
15-Jul,-0.16903177
15-Aug,-0.06681827
15-Sep,-0.120297745
15-Oct,-0.28610688
15-Nov,-0.17281866
15-Dec,-0.3623588
16-Jan,-0.33786005
16-Feb,-0.26403636
16-Mar,-0.43909237
16-Apr,-0.37517795
16-May,-0.41811523
16-Jun,-0.49483928
16-Jul,-0.38488427
16-Aug,-0.29676017
16-Sep,-0.3218673
16-Oct,-0.3744158
16-Nov,-0.5142024
16-Dec,-0.8212685
17-Jan,-0.6892141
17-Feb,-0.715982
17-Mar,-0.78429514
17-Apr,-0.5461108
17-May,-0.6442835
17-Jun,-0.47886908
17-Jul,-0.24527456
17-Aug,-0.33282208
17-Sep,-0.2979707
17-Oct,-0.53561026
17-Nov,-0.45924768
17-Dec,-0.7865544
18-Jan,-0.5179739
18-Feb,-0.67216516
18-Mar,-0.57906806
18-Apr,-0.6234592
18-May,-0.5252177
18-Jun,-0.38651752
18-Jul,-0.36958522
18-Aug,-0.42982036
18-Sep,-0.25825897
18-Oct,-0.11888721
18-Nov,-0.18980259
18-Dec,-0.42425612
19-Jan,-0.25126135
19-Feb,-0.24207273
19-Mar,-0.39209825
19-Apr,-0.21141803
19-May,-0.30793867
19-Jun,-0.35769194
19-Jul,-0.29989257
19-Aug,-0.2381391
19-Sep,-0.28606114
19-Oct,-0.25880492
19-Nov,-0.5575256
19-Dec,-0.5033144
20-Jan,-0.25863704
20-Feb,-0.545883
20-Mar,-0.17207259
20-Apr,-0.33658424
20-May,-0.25627613
20-Jun,-0.23811027
20-Jul,-0.30046934
20-Aug,-0.22659715
20-Sep,-0.1964555
20-Oct,-0.21776049
20-Nov,-0.3456471
20-Dec,-0.4884766
21-Jan,-0.21760732
21-Feb,-0.29521245
21-Mar,-0.34263408
21-Apr,-0.29096943
21-May,-0.30159548
21-Jun,-0.15440017
21-Jul,-0.15540703
21-Aug,-0.32134694
21-Sep,-0.20710628
21-Oct,-0.13444184
21-Nov,-0.19592439
21-Dec,-0.27147904
22-Jan,-0.419077
22-Feb,-0.40880406
22-Mar,-0.344148
22-Apr,-0.29111138
22-May,-0.46964964
22-Jun,-0.29270366
22-Jul,-0.2590808
22-Aug,-0.355893
22-Sep,-0.32432133
22-Oct,-0.34514487
22-Nov,-0.25539744
22-Dec,-0.30540624
23-Jan,-0.40372258
23-Feb,-0.4944323
23-Mar,-0.45562357
23-Apr,-0.41038665
23-May,-0.4038749
23-Jun,-0.25269112
23-Jul,-0.41963744
23-Aug,-0.32384917
23-Sep,-0.34093276
23-Oct,-0.1764545
23-Nov,-0.03351226
23-Dec,-0.10004945
24-Jan,-0.32711104
24-Feb,-0.31528232
24-Mar,-0.17595449
24-Apr,-0.34247932
24-May,-0.21757317
24-Jun,-0.27555224
24-Jul,-0.29391536
24-Aug,-0.3172419
24-Sep,-0.33069578
24-Oct,-0.36585054
24-Nov,-0.2907367
24-Dec,-0.49235374
25-Jan,-0.49163565
25-Feb,-0.48531267
25-Mar,-0.37375176
25-Apr,-0.30694255
25-May,-0.3056574
25-Jun,-0.33413643
25-Jul,-0.33086437
25-Aug,-0.16828516
25-Sep,-0.25893372
25-Oct,-0.28853402
25-Nov,-0.059098415
25-Dec,0.014048895
26-Jan,0.08253241
26-Feb,-0.035031483
26-Mar,0.023573108
26-Apr,-0.1579929
26-May,-0.27003446
26-Jun,-0.18281585
26-Jul,-0.2084477
26-Aug,-0.10001693
26-Sep,-0.11788381
26-Oct,-0.06996329
26-Nov,-0.115788996
26-Dec,-0.32215574
27-Jan,-0.31123906
27-Feb,-0.21210012
27-Mar,-0.41895348
27-Apr,-0.3145047
27-May,-0.23004514
27-Jun,-0.24831119
27-Jul,-0.20484532
27-Aug,-0.21330415
27-Sep,-0.11964897
27-Oct,-0.02967228
27-Nov,-0.12667355
27-Dec,-0.32356292
28-Jan,-0.017104585
28-Feb,-0.124669254
28-Mar,-0.3195826
28-Apr,-0.23520902
28-May,-0.3014689
28-Jun,-0.32672966
28-Jul,-0.1883196
28-Aug,-0.17851628
28-Sep,-0.20668688
28-Oct,-0.1840448
28-Nov,-0.17209516
28-Dec,-0.22671194
29-Jan,-0.4364513
Feb-29,-0.6036853
29-Mar,-0.48715258
29-Apr,-0.4373352
29-May,-0.4345294
29-Jun,-0.40885338
29-Jul,-0.4396209
29-Aug,-0.2663079
29-Sep,-0.27733904
29-Oct,-0.22126578
29-Nov,-0.14017749
29-Dec,-0.5603613
30-Jan,-0.3631465
Feb-30,-0.35584554
30-Mar,-0.24732758
30-Apr,-0.23128887
30-May,-0.25067642
30-Jun,-0.20374553
30-Jul,-0.1882644
30-Aug,-0.09765256
30-Sep,-0.092231415
30-Oct,-0.090577535
30-Nov,0.06376379
30-Dec,-0.06467221
31-Jan,-0.13693942
Feb-31,-0.2586906
31-Mar,-0.10919364
Apr-31,-0.17070459
31-May,-0.19289996
Jun-31,-0.02544678
31-Jul,-0.008178203
31-Aug,-0.026662722
Sep-31,-0.051968556
31-Oct,-0.026985472
Nov-31,-0.13579522
31-Dec,-0.09730702
Jan-32,0.07975415
Feb-32,-0.17805362
Mar-32,-0.1947655
Apr-32,-0.061219946
May-32,-0.15982142
Jun-32,-0.25541136
Jul-32,-0.12971984
Aug-32,-0.18982057
Sep-32,-0.000550666
Oct-32,-0.09439127
Nov-32,-0.29486138
Dec-32,-0.26667866
Jan-33,-0.31109115
Feb-33,-0.35099408
Mar-33,-0.3851551
Apr-33,-0.28470516
May-33,-0.2769364
Jun-33,-0.32360965
Jul-33,-0.2903949
Aug-33,-0.15375972
Sep-33,-0.32664743
Oct-33,-0.245828
Nov-33,-0.40483868
Dec-33,-0.5141726
Jan-34,-0.32326755
Feb-34,-0.1451731
Mar-34,-0.4310569
Apr-34,-0.37176266
May-34,-0.14018929
Jun-34,-0.09232751
Jul-34,-0.17809097
Aug-34,-0.11440116
Sep-34,-0.13450967
Oct-34,-0.08177011
Nov-34,0.031826723
Dec-34,-0.111320004
Jan-35,-0.3479727
Feb-35,0.04972145
Mar-35,-0.21446298
Apr-35,-0.3228376
May-35,-0.31434223
Jun-35,-0.2092866
Jul-35,-0.14094204
Aug-35,-0.14877552
Sep-35,-0.19052882
Oct-35,-0.055213235
Nov-35,-0.32153568
Dec-35,-0.25653476
Jan-36,-0.39848116
Feb-36,-0.34311983
Mar-36,-0.32916442
Apr-36,-0.1883213
May-36,-0.17232911
Jun-36,-0.14899857
Jul-36,-0.06987007
Aug-36,-0.07327964
Sep-36,-0.108766146
Oct-36,-0.041382577
Nov-36,-0.054110777
Dec-36,-0.10642759
Jan-37,-0.12685171
Feb-37,0.066486835
Mar-37,-0.26192847
Apr-37,-0.121213466
May-37,-0.091207266
Jun-37,-0.008428331
Jul-37,0.019690081
Aug-37,0.036828596
Sep-37,0.14490855
Oct-37,0.12801065
Nov-37,0.061703082
Dec-37,-0.0783857
Jan-38,0.04551444
Feb-38,-0.009824214
Mar-38,-0.015279184
Apr-38,0.04000326
May-38,-0.09591497
Jun-38,-0.09364482
Jul-38,-0.04622565
Aug-38,-0.002844417
Sep-38,0.01991738
Oct-38,0.16282216
Nov-38,0.054737236
Dec-38,-0.20567
Jan-39,-0.121787794
Feb-39,-0.117604576
Mar-39,-0.28873166
Apr-39,-0.106402785
May-39,-0.03005215
Jun-39,0.014760026
Jul-39,-0.037748978
Aug-39,-0.04066755
Sep-39,-0.017160367
Oct-39,-0.09934573
Nov-39,0.021302136
Dec-39,0.33387345
Jan-40,-0.052654818
Feb-40,0.08632718
Mar-40,-0.035766255
Apr-40,0.14895241
May-40,0.0502412
Jun-40,0.044663727
Jul-40,0.1482532
Aug-40,0.09961082
Sep-40,0.13118677
Oct-40,0.09584135
Nov-40,-0.004656185
Dec-40,0.19923072
Jan-41,-0.039560955
Feb-41,0.11823889
Mar-41,-0.11652528
Apr-41,0.036228664
May-41,0.06123504
Jun-41,0.0596246
Jul-41,0.16075781
Aug-41,0.039676894
Sep-41,-0.14452067
Oct-41,0.21426645
Nov-41,-0.007257905
Dec-41,0.07538852
Jan-42,0.25783694
Feb-42,0.016801072
Mar-42,-0.041579403
Apr-42,-0.015153615
May-42,0.12379065
Jun-42,0.030325836
Jul-42,-0.059752498
Aug-42,-0.05740612
Sep-42,-0.013465349
Oct-42,-0.08694347
Nov-42,-0.057510037
Dec-42,-0.080070905
Jan-43,-0.18267323
Feb-43,-0.03061434
Mar-43,-0.16772735
Apr-43,0.022969417
May-43,0.03550913
Jun-43,-0.07487101
Jul-43,0.018335527
Aug-43,0.031610876
Sep-43,-0.013441508
Oct-43,0.2277136
Nov-43,0.10388872
Dec-43,0.10626907
Jan-44,0.31816214
Feb-44,0.11862034
Mar-44,0.12006746
Apr-44,0.04225588
May-44,0.119925626
Jun-44,0.10735916
Jul-44,0.14871696
Aug-44,0.20666182
Sep-44,0.16769068
Oct-44,0.20805594
Nov-44,0.08847658
Dec-44,0.083269
Jan-45,0.09508047
Feb-45,0.04839935
Mar-45,0.03865824
Apr-45,0.20985286
May-45,-0.061685707
Jun-45,-0.03652022
Jul-45,0.000423247
Aug-45,0.2362124
Sep-45,0.1028386
Oct-45,0.094233386
Nov-45,-0.010639086
Dec-45,-0.19979319
Jan-46,0.046495322
Feb-46,-0.11574643
Mar-46,-0.1215551
Apr-46,-0.001070216
May-46,-0.082718804
Jun-46,-0.27002892
Jul-46,-0.109389625
Aug-46,-0.15412526
Sep-46,-0.09819822
Oct-46,-0.06812635
Nov-46,-0.10808773
Dec-46,-0.34320223
Jan-47,-0.15051101
Feb-47,-0.14106397
Mar-47,-0.07618291
Apr-47,-0.054869834
May-47,-0.07080105
Jun-47,-0.092732966
Jul-47,-0.06481824
Aug-47,-0.11288264
Sep-47,-0.16043018
Oct-47,0.033811674
Nov-47,0.02912334
Dec-47,-0.23310879
Jan-48,-0.01899665
Feb-48,-0.23857601
Mar-48,-0.28302348
Apr-48,-0.114602394
May-48,0.057578247
Jun-48,-0.008215971
Jul-48,-0.12959683
Aug-48,-0.047574744
Sep-48,-0.13380374
Oct-48,-0.05680375
Nov-48,-0.17333214
Dec-48,-0.3489878
Jan-49,-0.018578093
Feb-49,-0.24225992
Mar-49,-0.10957818
Apr-49,-0.14671299
May-49,-0.11125475
Jun-49,-0.23316567
Jul-49,-0.18007946
Aug-49,-0.07750365
Sep-49,-0.123270296
Oct-49,-0.08973549
Nov-49,-0.1810419
Dec-49,-0.21244651
Jan-50,-0.30004355
Feb-50,-0.37003636
Mar-50,-0.21643834
Apr-50,-0.24361573
May-50,-0.13729778
Jun-50,-0.105043374
Jul-50,-0.10670231
Aug-50,-0.15261763
Sep-50,-0.24503586
Oct-50,-0.20104446
Nov-50,-0.38081577
Dec-50,-0.26077038
Jan-51,-0.36034262
Feb-51,-0.5093785
Mar-51,-0.2620192
Apr-51,-0.1080777
May-51,0.032269213
Jun-51,0.060181145
Jul-51,0.03866412
Aug-51,0.12133113
Sep-51,0.13226272
Oct-51,0.12436143
Nov-51,-0.07229671
Dec-51,0.0691973
Jan-52,0.09402644
Feb-52,0.068350874
Mar-52,-0.16353902
Apr-52,0.04558809
May-52,0.022243695
Jun-52,0.023484357
Jul-52,0.09006012
Aug-52,0.096942395
Sep-52,0.09621102
Oct-52,-0.016534438
Nov-52,-0.13228506
Dec-52,-0.04029371
Jan-53,-0.009005178
Feb-53,0.09501191
Mar-53,0.018006958
Apr-53,0.22455436
May-53,0.14901619
Jun-53,0.1404282
Jul-53,0.043144584
Aug-53,0.08707856
Sep-53,0.08630111
Oct-53,0.08342033
Nov-53,-0.005809958
Dec-53,0.01942187
Jan-54,-0.2434586
Feb-54,-0.089074455
Mar-54,-0.18339783
Apr-54,-0.11477188
May-54,-0.17059736
Jun-54,-0.1296339
Jul-54,-0.19616233
Aug-54,-0.10182279
Sep-54,-0.11330111
Oct-54,-0.011538466
Nov-54,0.11638409
Dec-54,-0.16362791
Jan-55,0.10597788
Feb-55,-0.19271314
Mar-55,-0.3963696
Apr-55,-0.22909744
May-55,-0.23882908
Jun-55,-0.17836486
Jul-55,-0.20829603
Aug-55,-0.08842416
Sep-55,-0.14314792
Oct-55,-0.11328784
Nov-55,-0.32083783
Dec-55,-0.36432907
Jan-56,-0.2403825
Feb-56,-0.28243503
Mar-56,-0.35645252
Apr-56,-0.30645922
May-56,-0.33606264
Jun-56,-0.22652255
Jul-56,-0.2106352
Aug-56,-0.28964865
Sep-56,-0.2734754
Oct-56,-0.26315844
Nov-56,-0.21516415
Dec-56,-0.1575909
Jan-57,-0.22153524
Feb-57,-0.15856388
Mar-57,-0.1975386
Apr-57,-0.041761864
May-57,0.03177997
Jun-57,0.06454678
Jul-57,-0.06267592
Aug-57,0.07285775
Sep-57,0.041351955
Oct-57,-0.000792038
Nov-57,-0.00397586
Dec-57,0.05228784
Jan-58,0.25472188
Feb-58,0.09280772
Mar-58,0.005255458
Apr-58,-0.06950849
May-58,0.016476592
Jun-58,-0.15305896
Jul-58,-0.020030653
Aug-58,-0.083085604
Sep-58,-0.11479923
Oct-58,-0.019471264
Nov-58,-0.038575903
Dec-58,-0.08232217
Jan-59,0.013691866
Feb-59,-0.005084035
Mar-59,0.016677765
Apr-59,0.026267799
May-59,-0.03853143
Jun-59,-0.001816517
Jul-59,-0.043648165
Aug-59,-0.041345503
Sep-59,-0.14124896
Oct-59,-0.071337834
Nov-59,-0.18634169
Dec-59,-0.10334121
Jan-60,-0.11465857
Feb-60,0.02281142
Mar-60,-0.44688365
Apr-60,-0.26193932
May-60,-0.17928644
Jun-60,-0.1261228
Jul-60,-0.11407162
Aug-60,-0.006310927
Sep-60,0.003214442
Oct-60,-0.031158555
Nov-60,-0.21504581
Dec-60,0.0836075
Jan-61,-0.052229382
Feb-61,0.09082804
Mar-61,-0.0616479
Apr-61,0.06100269
May-61,0.067880936
Jun-61,0.08760505
Jul-61,-0.03974989
Aug-61,-0.016852155
Sep-61,-0.030176053
Oct-61,-0.06376159
Nov-61,-0.031068904
Dec-61,-0.25179952
Jan-62,-0.05704969
Feb-62,0.012157755
Mar-62,0.018748457
Apr-62,-0.026072158
May-62,-0.18164511
Jun-62,-0.056267038
Jul-62,-0.10915736
Aug-62,-0.10973202
Sep-62,-0.07493823
Oct-62,-0.038202044
Nov-62,-0.020875225
Dec-62,-0.12562062
Jan-63,-0.121948205
Feb-63,0.040044732
Mar-63,-0.3409997
Apr-63,-0.17912978
May-63,-0.1466549
Jun-63,-0.06680599
Jul-63,0.05953688
Aug-63,0.14581573
Sep-63,0.12205969
Oct-63,0.06423311
Nov-63,0.04470364
Dec-63,-0.062525906
Jan-64,-0.19452871
Feb-64,-0.22300385
Mar-64,-0.38280848
Apr-64,-0.44159797
May-64,-0.37424895
Jun-64,-0.16659828
Jul-64,-0.20062846
Aug-64,-0.30053315
Sep-64,-0.4045793
Oct-64,-0.3114203
Nov-64,-0.2988282
Dec-64,-0.3716253
Jan-65,-0.16228765
Feb-65,-0.26308617
Mar-65,-0.2597472
Apr-65,-0.29863888
May-65,-0.19161598
Jun-65,-0.20754607
Jul-65,-0.26655743
Aug-65,-0.1619956
Sep-65,-0.24531643
Oct-65,-0.10577728
Nov-65,-0.1437657
Dec-65,-0.14632036
Jan-66,-0.28320545
Feb-66,-0.16757779
Mar-66,-0.1708448
Apr-66,-0.17045191
May-66,-0.21843779
Jun-66,-0.10499999
Jul-66,0.003039209
Aug-66,-0.10166964
Sep-66,-0.08658218
Oct-66,-0.23768093
Nov-66,-0.10768294
Dec-66,-0.14052084
Jan-67,-0.21960148
Feb-67,-0.32817873
Mar-67,-0.09374347
Apr-67,-0.13242696
May-67,0.057162356
Jun-67,-0.108169004
Jul-67,-0.067892365
Aug-67,-0.099165745
Sep-67,-0.12451488
Oct-67,-0.020286117
Nov-67,-0.119650505
Dec-67,-0.1537288
Jan-68,-0.32466504
Feb-68,-0.26771057
Mar-68,-0.003727732
Apr-68,-0.18043014
May-68,-0.22587559
Jun-68,-0.15176927
Jul-68,-0.19500259
Aug-68,-0.12997681
Sep-68,-0.22645247
Oct-68,0.008175721
Nov-68,-0.13496026
Dec-68,-0.1911928
Jan-69,-0.16237703
Feb-69,-0.1970934
Mar-69,-0.13277553
Apr-69,0.049255937
May-69,0.06528902
Jun-69,0.005681608
Jul-69,-0.1091712
Aug-69,-0.07289227
Sep-69,-0.013110088
Oct-69,0.000908772
Nov-69,0.023137517
Dec-69,0.16674611
Jan-70,0.014005779
Feb-70,0.063759334
Mar-70,-0.08814179
Apr-70,-0.07942118
May-70,-0.14084856
Jun-70,-0.1370101
Jul-70,-0.11218003
Aug-70,-0.1992122
Sep-70,-0.030715683
Oct-70,-0.06031036
Nov-70,-0.058197107
Dec-70,-0.1930069
Jan-71,-0.14365958
Feb-71,-0.2726155
Mar-71,-0.33664557
Apr-71,-0.23293439
May-71,-0.1979984
Jun-71,-0.2552373
Jul-71,-0.18479517
Aug-71,-0.1812137
Sep-71,-0.12637776
Oct-71,-0.15617602
Nov-71,-0.15279908
Dec-71,-0.23074044
Jan-72,-0.37904298
Feb-72,-0.2778282
Mar-72,-0.14302962
Apr-72,-0.12759815
May-72,-0.082474515
Jun-72,-0.031909496
Jul-72,-0.09311811
Aug-72,0.061222523
Sep-72,-0.052398738
Oct-72,-0.056839254
Nov-72,-0.051805325
Dec-72,0.10889668
Jan-73,0.100870065
Feb-73,0.15933001
Mar-73,0.11498204
Apr-73,0.19915819
May-73,0.10814754
Jun-73,0.106045224
Jul-73,0.01621605
Aug-73,-0.027661854
Sep-73,-0.035152175
Oct-73,0.010822021
Nov-73,-0.025164139
Dec-73,-0.1283927
Jan-74,-0.28239968
Feb-74,-0.4465835
Mar-74,-0.23716211
Apr-74,-0.20168932
May-74,-0.1265853
Jun-74,-0.11528032
Jul-74,-0.13573898
Aug-74,0.023082737
Sep-74,-0.09269041
Oct-74,-0.11529485
Nov-74,-0.12621354
Dec-74,-0.21389274
Jan-75,-0.0966292
Feb-75,-0.020880949
Mar-75,-0.01112924
Apr-75,-0.051968537
May-75,0.053007245
Jun-75,-0.060783383
Jul-75,-0.10466969
Aug-75,-0.23242185
Sep-75,-0.139501
Oct-75,-0.15371256
Nov-75,-0.26358986
Dec-75,-0.24677186
Jan-76,-0.16959351
Feb-76,-0.23186125
Mar-76,-0.33692366
Apr-76,-0.18590008
May-76,-0.35880587
Jun-76,-0.23977908
Jul-76,-0.17275204
Aug-76,-0.24235126
Sep-76,-0.15119453
Oct-76,-0.3322862
Nov-76,-0.13943368
Dec-76,-0.02945889
Jan-77,0.15336634
Feb-77,0.10381479
Mar-77,0.07475545
Apr-77,0.13446581
May-77,0.22771347
Jun-77,0.20780508
Jul-77,0.14251913
Aug-77,0.1298329
Sep-77,-0.001990325
Oct-77,-0.01617223
Nov-77,0.12106576
Dec-77,-0.04011389
Jan-78,0.036995538
Feb-78,0.07385509
Mar-78,0.059285987
Apr-78,0.053218562
May-78,0.011515901
Jun-78,-0.055066437
Jul-78,0.016265042
Aug-78,-0.2168574
Sep-78,0.04174579
Oct-78,-0.059895515
Nov-78,0.091779426
Dec-78,0.010227291
Jan-79,0.0516812
Feb-79,-0.17951806
Mar-79,0.06694152
Apr-79,0.07699999
May-79,-0.022435743
Jun-79,0.050191652
Jul-79,0.018005762
Aug-79,0.114524774
Sep-79,0.17285156
Oct-79,0.14730756
Nov-79,0.20778532
Dec-79,0.38596204
Jan-80,0.2527261
Feb-80,0.3607043
Mar-80,0.21667273
Apr-80,0.23393515
May-80,0.2456877
Jun-80,0.13180715
Jul-80,0.20636384
Aug-80,0.16441017
Sep-80,0.123579785
Oct-80,0.097044446
Nov-80,0.20625903
Dec-80,0.113674425
Jan-81,0.44390386
Feb-81,0.33654687
Mar-81,0.33077422
Apr-81,0.19894964
May-81,0.14773263
Jun-81,0.24469398
Jul-81,0.26434663
Aug-81,0.31205258
Sep-81,0.1367701
Oct-81,0.05529363
Nov-81,0.16566867
Dec-81,0.3634116
Jan-82,-0.024068523
Feb-82,0.06821714
Mar-82,-0.13698223
Apr-82,0.020402594
May-82,0.09071928
Jun-82,-0.001313923
Jul-82,0.075844936
Aug-82,-0.045588225
Sep-82,0.016534334
Oct-82,0.041061886
Nov-82,0.029048067
Dec-82,0.27728456
Jan-83,0.3584244
Feb-83,0.33635557
Mar-83,0.24756545
Apr-83,0.17535253
May-83,0.22204514
Jun-83,0.16691586
Jul-83,0.114927486
Aug-83,0.28377086
Sep-83,0.3260587
Oct-83,0.113148384
Nov-83,0.24547733
Dec-83,0.096021675
Jan-84,0.15764055
Feb-84,0.02001983
Mar-84,0.14398187
Apr-84,0.010137831
May-84,0.21433139
Jun-84,-0.038575307
Jul-84,0.024865314
Aug-84,0.08923666
Sep-84,0.12719487
Oct-84,0.040902097
Nov-84,-0.05765004
Dec-84,-0.15602855
Jan-85,0.1155558
Feb-85,-0.104183674
Mar-85,0.04271185
Apr-85,0.002820451
May-85,0.067987494
Jun-85,0.12117828
Jul-85,-0.022891713
Aug-85,0.1431363
Sep-85,0.11767927
Oct-85,0.039328277
Nov-85,0.018120727
Dec-85,0.05531433
Jan-86,0.11670128
Feb-86,0.3093589
Mar-86,0.13820964
Apr-86,0.13485684
May-86,0.13101041
Jun-86,0.039869342
Jul-86,0.042954296
Aug-86,0.08790163
Sep-86,0.024142634
Oct-86,0.051004555
Nov-86,0.04011416
Dec-86,0.03212002
Jan-87,0.22004549
Feb-87,0.31599578
Mar-87,0.104251325
Apr-87,0.1889307
May-87,0.16939573
Jun-87,0.26585034
Jul-87,0.34769198
Aug-87,0.21050136
Sep-87,0.26593548
Oct-87,0.26956236
Nov-87,0.18613108
Dec-87,0.37202516
Jan-88,0.45912874
Feb-88,0.33302152
Mar-88,0.38519633
Apr-88,0.32767174
May-88,0.31933275
Jun-88,0.33036658
Jul-88,0.2556859
Aug-88,0.25767827
Sep-88,0.25825685
Oct-88,0.254709
Nov-88,0.028571693
Dec-88,0.17620139
Jan-89,-0.026005011
Feb-89,0.23738506
Mar-89,0.18512788
Apr-89,0.14958581
May-89,0.038256668
Jun-89,0.09383323
Jul-89,0.26380813
Aug-89,0.25223345
Sep-89,0.29773393
Oct-89,0.26001906
Nov-89,0.11531052
Dec-89,0.2837144
Jan-90,0.28277373
Feb-90,0.27884814
Mar-90,0.6347864
Apr-90,0.4940245
May-90,0.40596974
Jun-90,0.3151888
Jul-90,0.3796524
Aug-90,0.28095096
Sep-90,0.22031836
Oct-90,0.38645974
Nov-90,0.35899177
Dec-90,0.28878504
Jan-91,0.30340114
Feb-91,0.4070458
Mar-91,0.24740836
Apr-91,0.43600866
May-91,0.31398752
Jun-91,0.4334769
Jul-91,0.46741664
Aug-91,0.3620418
Sep-91,0.35283542
Oct-91,0.25118244
Nov-91,0.25364134
Dec-91,0.23831235
Jan-92,0.36292845
Feb-92,0.34844932
Mar-92,0.30922496
Apr-92,0.16185239
May-92,0.16797747
Jun-92,0.15643431
Jul-92,0.005340144
Aug-92,0.03774724
Sep-92,-0.08989003
Oct-92,-0.022682328
Nov-92,-0.03733942
Dec-92,0.09871902
Jan-93,0.26102662
Feb-93,0.28333446
Mar-93,0.23608007
Apr-93,0.19514883
May-93,0.19503304
Jun-93,0.16445984
Jul-93,0.15863112
Aug-93,0.08418279
Sep-93,0.045521
Oct-93,0.15051654
Nov-93,0.06566895
Dec-93,0.14829831
Jan-94,0.20031649
Feb-94,0.014015401
Mar-94,0.23547028
Apr-94,0.25558206
May-94,0.20769499
Jun-94,0.31435218
Jul-94,0.18217762
Aug-94,0.1732785
Sep-94,0.2722316
Oct-94,0.34696406
Nov-94,0.3531186
Dec-94,0.24739546
Jan-95,0.41360325
Feb-95,0.6401344
Mar-95,0.3564086
Apr-95,0.42731214
May-95,0.26464352
Jun-95,0.37844238
Jul-95,0.44184983
Aug-95,0.391613
Sep-95,0.27957153
Oct-95,0.37940124
Nov-95,0.37539726
Dec-95,0.1740167
Jan-96,0.21639675
Feb-96,0.46155688
Mar-96,0.2883724
Apr-96,0.25163049
May-96,0.23714963
Jun-96,0.21651414
Jul-96,0.3253906
Aug-96,0.35149437
Sep-96,0.20457508
Oct-96,0.12766548
Nov-96,0.3162583
Dec-96,0.32326886
Jan-97,0.24903603
Feb-97,0.30442297
Mar-97,0.39708516
Apr-97,0.3775284
May-97,0.31710884
Jun-97,0.49175587
Jul-97,0.3461335
Aug-97,0.40574697
Sep-97,0.4674913
Oct-97,0.5718022
Nov-97,0.61571497
Dec-97,0.52387595
Jan-98,0.5629589
Feb-98,0.7973742
Mar-98,0.5894701
Apr-98,0.65089357
May-98,0.6390668
Jun-98,0.6679476
Jul-98,0.65909415
Aug-98,0.6453173
Sep-98,0.43478084
Oct-98,0.41109028
Nov-98,0.38224158
Dec-98,0.48756245
Jan-99,0.3872738
Feb-99,0.60396034
Mar-99,0.26383877
Apr-99,0.26947576
May-99,0.2477816
Jun-99,0.32476822
Jul-99,0.3104075
Aug-99,0.3025803
Sep-99,0.27602673
Oct-99,0.30699936
Nov-99,0.28691775
Dec-99,0.3137894
Jan-00,0.18133692
Feb-00,0.49915195
Mar-00,0.44504288
Apr-00,0.5384154
May-00,0.30583385
Jun-00,0.3502256
Jul-00,0.32576227
Aug-00,0.3747202
Sep-00,0.3107709
Oct-00,0.19478564
Nov-00,0.24529691
Dec-00,0.20167494
01-Jan,0.36417356
01-Feb,0.3918914
01-Mar,0.5204522
01-Apr,0.45251647
01-May,0.48934218
01-Jun,0.44591305
01-Jul,0.50912946
01-Aug,0.5074936
01-Sep,0.49257064
01-Oct,0.46419922
01-Nov,0.69211686
01-Dec,0.54156566
02-Jan,0.6473876
02-Feb,0.6426373
02-Mar,0.79940027
02-Apr,0.56820655
02-May,0.502807
02-Jun,0.4493149
02-Jul,0.56947935
02-Aug,0.4984804
02-Sep,0.50192404
02-Oct,0.50043756
02-Nov,0.4944799
02-Dec,0.34704304
03-Jan,0.65388364
03-Feb,0.48562348
03-Mar,0.48364088
03-Apr,0.47277164
03-May,0.52228177
03-Jun,0.42513415
03-Jul,0.48383972
03-Aug,0.6121032
03-Sep,0.5746869
03-Oct,0.65677655
03-Nov,0.4990721
03-Dec,0.66022813
04-Jan,0.5089659
04-Feb,0.634869
04-Mar,0.52825564
04-Apr,0.52279246
04-May,0.35092646
04-Jun,0.31097007
04-Jul,0.23719142
04-Aug,0.45830214
04-Sep,0.46726716
04-Oct,0.52292866
04-Nov,0.6510514
04-Dec,0.41492838
05-Jan,0.6500713
05-Feb,0.5338277
05-Mar,0.6459099
05-Apr,0.63165
05-May,0.553209
05-Jun,0.5688213
05-Jul,0.55488116
05-Aug,0.58098936
05-Sep,0.6340549
05-Oct,0.68443674
05-Nov,0.6432208
05-Dec,0.6012786
06-Jan,0.4999044
06-Feb,0.6455559
06-Mar,0.543684
06-Apr,0.48621997
06-May,0.47178116
06-Jun,0.57188183
06-Jul,0.4763779
06-Aug,0.6333706
06-Sep,0.5499711
06-Oct,0.6137471
06-Nov,0.66086054
06-Dec,0.7172778
07-Jan,0.8930489
07-Feb,0.63967174
07-Mar,0.59194857
07-Apr,0.7261497
07-May,0.58012205
07-Jun,0.5006901
07-Jul,0.5630122
07-Aug,0.5837867
07-Sep,0.5083473
07-Oct,0.5590798
07-Nov,0.5355275
07-Dec,0.41903135
08-Jan,0.21021158
08-Feb,0.2693002
08-Mar,0.6136748
08-Apr,0.44805115
08-May,0.43248925
08-Jun,0.38399753
08-Jul,0.5340773
08-Aug,0.45276764
08-Sep,0.5480162
08-Oct,0.5909558
08-Nov,0.63220257
08-Dec,0.4720541
09-Jan,0.59029907
09-Feb,0.47127843
09-Mar,0.446841
09-Apr,0.528052
09-May,0.5503384
09-Jun,0.6234883
09-Jul,0.68074554
09-Aug,0.6221325
09-Sep,0.68177086
09-Oct,0.6202136
09-Nov,0.7060583
09-Dec,0.64016175
10-Jan,0.7106075
10-Feb,0.7901331
10-Mar,0.8602274
10-Apr,0.83354694
10-May,0.71491516
10-Jun,0.6450033
10-Jul,0.61741793
10-Aug,0.6146318
10-Sep,0.5642509
10-Oct,0.64213544
10-Nov,0.73456544
10-Dec,0.4370223
11-Jan,0.45676905
11-Feb,0.42912033
11-Mar,0.5563974
11-Apr,0.60221547
11-May,0.44336236
11-Jun,0.5482127
11-Jul,0.64491206
11-Aug,0.6510249
11-Sep,0.53794116
11-Oct,0.5763366
11-Nov,0.5112523
11-Dec,0.49482837
12-Jan,0.3695542
12-Feb,0.4647088
12-Mar,0.4209961
12-Apr,0.6105002
12-May,0.6589486
12-Jun,0.629351
12-Jul,0.56779647
12-Aug,0.6449439
12-Sep,0.64759123
12-Oct,0.7321626
12-Nov,0.7210487
12-Dec,0.4636831
13-Jan,0.6078036
13-Feb,0.52651656
13-Mar,0.5829417
13-Apr,0.57481265
13-May,0.5568857
13-Jun,0.6593197
13-Jul,0.58917844
13-Aug,0.6352067
13-Sep,0.7221902
13-Oct,0.6503963
13-Nov,0.7700114
13-Dec,0.60764134
14-Jan,0.6695646
14-Feb,0.49080652
14-Mar,0.694528
14-Apr,0.73631227
14-May,0.73708785
14-Jun,0.61747456
14-Jul,0.5809606
14-Aug,0.73377496
14-Sep,0.756769
14-Oct,0.7423641
14-Nov,0.63000286
14-Dec,0.6848145
15-Jan,0.7400082
15-Feb,0.78175026
15-Mar,0.79528373
15-Apr,0.70091575
15-May,0.7309856
15-Jun,0.7596305
15-Jul,0.7145488
15-Aug,0.7991504
15-Sep,0.82609314
15-Oct,1.0153373
15-Nov,0.9959859
15-Dec,1.0416831
16-Jan,1.0877537
16-Feb,1.2235882
16-Mar,1.1820779
16-Apr,1.0296463
16-May,0.8804874
16-Jun,0.77708083
16-Jul,0.77772677
16-Aug,0.94857633
16-Sep,0.8455436
16-Oct,0.81902903
16-Nov,0.8444866
16-Dec,0.77912897
17-Jan,0.9519715
17-Feb,1.0670907
17-Mar,1.0645919
17-Apr,0.84599763
17-May,0.7798254
17-Jun,0.6575456
17-Jul,0.80458516
17-Aug,0.81099087
17-Sep,0.72930163
17-Oct,0.80949205
17-Nov,0.8058706
17-Dec,0.8148281
18-Jan,0.7106047
18-Feb,0.7957914
18-Mar,0.7900751
18-Apr,0.8223178
18-May,0.71316856
18-Jun,0.7375257
18-Jul,0.7334142
18-Aug,0.73473924
18-Sep,0.67586756
18-Oct,0.8693208
18-Nov,0.7447671
18-Dec,0.8242562
19-Jan,0.7995958
19-Feb,0.8442263
19-Mar,1.0757369
19-Apr,0.93880504
19-May,0.7776251
19-Jun,0.80911994
19-Jul,0.8571952
19-Aug,0.85825413
19-Sep,0.8026575
19-Oct,0.9556284
19-Nov,0.9372168
19-Dec,1.0368102
20-Jan,1.0694563
20-Feb,1.1133685
20-Mar,1.0943997
20-Apr,1.0626723
20-May,0.90792704
20-Jun,0.8251334
20-Jul,0.81607646
20-Aug,0.80101144
20-Sep,0.8670323
20-Oct,0.8107299
20-Nov,1.0130944
20-Dec,0.6926237
21-Jan,0.70082587
21-Feb,0.56454515
21-Mar,0.7262527
21-Apr,0.7601092
21-May,0.7064251
21-Jun,0.71322304
21-Jul,0.7916223
21-Aug,0.79945594
21-Sep,0.8674762
21-Oct,0.907391
21-Nov,0.8536163
21-Dec,0.7513281
22-Jan,0.7788991
22-Feb,0.76354825
22-Mar,0.88959247
22-Apr,0.7703609
22-May,0.7613267
22-Jun,0.8581897
22-Jul,0.77835214
22-Aug,0.85325915
22-Sep,0.79008293
22-Oct,0.9288468
22-Nov,0.674607
22-Dec,0.7678416
